{
  "strategy_rankings": [
    {
      "strategy": "predictive_ranges",
      "avg_return": 0.0017575757575757577,
      "avg_sharpe": 1144.4189219152886,
      "avg_win_rate": 0.6262626262626263,
      "avg_max_drawdown": 0.0005853181051367396,
      "total_trades": 495,
      "num_backtests": 99,
      "composite_score": 286.48036394727563
    }
  ],
  "performance_metrics": {
    "multi_strategy": {
      "avg_return": 0.0017575757575757577,
      "avg_sharpe": 1144.4189219152886,
      "avg_win_rate": 0.6262626262626263,
      "avg_max_drawdown": 0.0005853181051367396
    },
    "quick_strategies": {
      "rsi_mean_reversion": {
        "avg_return": -0.07027489739104002,
        "avg_sharpe": 0.08666466353504212,
        "avg_win_rate": 0.7679738562091503,
        "avg_max_drawdown": -0.1417720564168822,
        "total_configurations": 18
      },
      "ma_crossover": {
        "avg_return": 1.3556465390707788,
        "avg_sharpe": 0.19397250429540056,
        "avg_win_rate": 0.3622312043624975,
        "avg_max_drawdown": -0.4778301393149273,
        "total_configurations": 18
      },
      "bollinger_bands": {
        "avg_return": -0.2787077105562377,
        "avg_sharpe": -0.43671890962324006,
        "avg_win_rate": 0.5594850948509484,
        "avg_max_drawdown": -0.34339116440293976,
        "total_configurations": 18
      }
    }
  },
  "best_configurations": {
    "multi_strategy": [
      [
        "predictive_ranges",
        "CTSIUSDT",
        "1m",
        14053.646316883425
      ],
      [
        "predictive_ranges",
        "ARDRUSDT",
        "1m",
        14053.646316883425
      ],
      [
        "predictive_ranges",
        "ALGOUSDT",
        "1m",
        14053.646316883425
      ],
      [
        "predictive_ranges",
        "DOGEUSDT",
        "1m",
        14053.646316883425
      ],
      [
        "predictive_ranges",
        "IMXUSDT",
        "1m",
        14053.646316883425
      ],
      [
        "predictive_ranges",
        "ROSEUSDT",
        "1m",
        14053.646316883425
      ],
      [
        "predictive_ranges",
        "ATOMUSDT",
        "1m",
        14053.646316883425
      ],
      [
        "predictive_ranges",
        "LTCUSDT",
        "1m",
        14053.646316883425
      ],
      [
        "predictive_ranges",
        "MANAUSDT",
        "1m",
        18.537843521888657
      ],
      [
        "predictive_ranges",
        "ALGOUSDT",
        "1m",
        18.537843521888657
      ]
    ],
    "quick_optimization": {
      "best_return": {
        "strategy": "ma_crossover",
        "symbol": "BTCUSDT",
        "timeframe": "15m",
        "config_type": "best_return",
        "total_return": 3.897327156458217,
        "sharpe_ratio": 0.6024615892252642,
        "win_rate": 0.3617021276595745,
        "max_drawdown": -0.5786705954922391,
        "parameters": {
          "fast_period": 10,
          "slow_period": 30,
          "stop_loss": 0.03,
          "take_profit": 0.06
        }
      },
      "best_sharpe": {
        "strategy": "ma_crossover",
        "symbol": "BTCUSDT",
        "timeframe": "15m",
        "config_type": "best_return",
        "total_return": 3.897327156458217,
        "sharpe_ratio": 0.6024615892252642,
        "win_rate": 0.3617021276595745,
        "max_drawdown": -0.5786705954922391,
        "parameters": {
          "fast_period": 10,
          "slow_period": 30,
          "stop_loss": 0.03,
          "take_profit": 0.06
        }
      },
      "best_win_rate": {
        "strategy": "rsi_mean_reversion",
        "symbol": "BTCUSDT",
        "timeframe": "1h",
        "config_type": "best_sharpe",
        "total_return": 0.013151799741395909,
        "sharpe_ratio": 0.5488080546205393,
        "win_rate": 1.0,
        "max_drawdown": -0.000999999999999924,
        "parameters": {
          "rsi_period": 21,
          "oversold": 25,
          "overbought": 75,
          "stop_loss": 0.05,
          "take_profit": 0.12
        }
      }
    }
  },
  "success_rates": {
    "total_optimizations": 24,
    "successful_optimizations": 20,
    "success_rate": 0.8333333333333334
  }
}